{"cameraMode":{"drawMode":0,"name":"Shaded","section":"Shading Mode"},"sceneLighting":false,"audioPlay":false,"sceneViewState":{"m_AlwaysRefresh":false,"showFog":true,"showSkybox":false,"showFlares":true,"showImageEffects":true,"showParticleSystems":true,"showVisualEffectGraphs":true,"m_FxEnabled":true},"in2DMode":false,"pivot":{"x":0.46320298314094546,"y":1.089779257774353,"z":0.6187013387680054},"rotation":{"x":-0.34086689352989199,"y":-0.09989247471094132,"z":0.03616998717188835,"w":-0.9342758059501648},"size":1.2718144655227662,"orthographic":false}